{"cameraMode":{"drawMode":0,"name":"Shaded","section":"Shading Mode"},"sceneLighting":true,"audioPlay":false,"sceneViewState":{"showFog":true,"showMaterialUpdate":true,"showSkybox":true,"showFlares":true,"showImageEffects":true,"showParticleSystems":true},"in2DMode":false,"pivot":{"x":178.43215942382813,"y":0.931634783744812,"z":-63.355255126953128},"rotation":{"x":0.0954899713397026,"y":-0.7997882962226868,"z":0.13219717144966126,"w":0.5777060985565186},"size":1.436326265335083,"orthographic":false}