{"cameraMode":{"drawMode":0,"name":"Shaded","section":"Shading Mode"},"sceneLighting":false,"audioPlay":false,"sceneViewState":{"showFog":true,"showMaterialUpdate":true,"showSkybox":false,"showFlares":true,"showImageEffects":true,"showParticleSystems":true},"in2DMode":false,"pivot":{"x":120.8021240234375,"y":101.91273498535156,"z":66.43455505371094},"rotation":{"x":-0.07821040600538254,"y":0.9140477180480957,"z":-0.21238873898983003,"w":-0.3365872800350189},"size":7.767651081085205,"orthographic":false}